null,Storgatan 23,34567,Karlstad,Pelle Jansson,0776-232323,100-200,NA,info@saab.xxx
2023/05/05; 12:58:02
null,Storgatan 23,34567,Karlstad,Pelle Jansson,0776-232323,100-200,NA,info@saab.xxx
Invalid leads / leadlist : 1/10

2023/05/05; 13:01:30
null,Storgatan 23,34567,Karlstad,Pelle Jansson,0776-232323,100-200,NA,info@saab.xxx
Invalid leads / leadlist : 1/10

2023/05/05; 13:01:41
null,Storgatan 23,34567,Karlstad,Pelle Jansson,0776-232323,100-200,NA,info@saab.xxx
Invalid leads / leadlist : 1/10

2023/05/05; 13:02:16
null,Storgatan 23,34567,Karlstad,Pelle Jansson,0776-232323,100-200,NA,info@saab.xxx
Invalid leads / leadlist : 1/10

2023/05/05; 13:03:30
null,Storgatan 23,34567,Karlstad,Pelle Jansson,0776-232323,100-200,NA,info@saab.xxx
Invalid leads / leadlist : 1/10

2023/05/05; 13:04:28
null,Storgatan 23,34567,Karlstad,Pelle Jansson,0776-232323,100-200,NA,info@saab.xxx
Invalid leads / leadlist : 1/10

2023/05/05; 13:05:07
null,Storgatan 23,34567,Karlstad,Pelle Jansson,0776-232323,100-200,NA,info@saab.xxx
Invalid leads / leadlist : 1/10

2023/05/05; 13:05:08
null,Storgatan 23,34567,Karlstad,Pelle Jansson,0776-232323,100-200,NA,info@saab.xxx
Invalid leads / leadlist : 1/10

2023/05/05; 13:05:08
null,Storgatan 23,34567,Karlstad,Pelle Jansson,0776-232323,100-200,NA,info@saab.xxx
Invalid leads / leadlist : 1/10

2023/05/05; 13:05:09
null,Storgatan 23,34567,Karlstad,Pelle Jansson,0776-232323,100-200,NA,info@saab.xxx
Invalid leads / leadlist : 1/10

2023/05/05; 13:05:10
null,Storgatan 23,34567,Karlstad,Pelle Jansson,0776-232323,100-200,NA,info@saab.xxx
Invalid leads / leadlist : 1/10

2023/05/05; 13:09:09
null,Storgatan 23,34567,Karlstad,Pelle Jansson,0776-232323,100-200,NA,info@saab.xxx
Invalid leads / leadlist : 1/10

2023/05/05; 13:09:10
null,Storgatan 23,34567,Karlstad,Pelle Jansson,0776-232323,100-200,NA,info@saab.xxx
Invalid leads / leadlist : 1/10

2023/05/05; 13:09:51
null,Storgatan 23,34567,Karlstad,Pelle Jansson,0776-232323,100-200,NA,info@saab.xxx
Invalid leads / leadlist : 1/10

2023/05/05; 13:09:52
null,Storgatan 23,34567,Karlstad,Pelle Jansson,0776-232323,100-200,NA,info@saab.xxx
Invalid leads / leadlist : 2/10

2023/05/05; 13:09:53
null,Storgatan 23,34567,Karlstad,Pelle Jansson,0776-232323,100-200,NA,info@saab.xxx
Invalid leads / leadlist : 3/10

