<m:leads xmlns:m="http://webscraper.se.leads-format.1.0"><lead xmlns="http://ws.apache.org/ns/synapse" id="00001"><name>Saa32b AB</name><address>Storgatan 23</address><zip>34567</zip><city>Karlstad</city><contact>Pelle Jansson</contact><tele>0776-232323</tele><size>100-200</size><current_provider>NA</current_provider><email>info@saab.xxx</email></lead><lead xmlns="http://ws.apache.org/ns/synapse" id="00002"><name>Volvo AB</name><address>Lillgatan 34</address><zip>23456</zip><city>Karlstad</city><contact>Åsa Andersson</contact><tele>054-1818282</tele><size>300-500</size><current_provider>NA</current_provider><email>info@volvo.xxx</email></lead><lead xmlns="http://ws.apache.org/ns/synapse" id="00003"><name>Nikita Hair</name><address>Hagen 34</address><zip>23458</zip><city>Karlstad</city><contact>Karl P Dahl Andersson</contact><tele>010-1818282</tele><size>10</size><current_provider>Google</current_provider><email>pdahl@nikita.se</email></lead><lead xmlns="http://ws.apache.org/ns/synapse" id="00004"><name>Art Uppsala</name><address>Västra vägen 34</address><zip>13456</zip><city>Uppsala</city><contact>Mirjam Woo</contact><tele>081-4368282</tele><size>1-10</size><current_provider>NA</current_provider><email>mirjam.woo@telia.se</email></lead><lead xmlns="http://ws.apache.org/ns/synapse" id="00005"><name>Blond</name><address>Centrumringen 34</address><zip>23422</zip><city>Uppsala</city><contact>Lisa Minelli</contact><tele>075-1818282</tele><size>7</size><current_provider>NA</current_provider><email>info@blond.se</email></lead><lead xmlns="http://ws.apache.org/ns/synapse" id="00006"><name>Rufs och Kalufs</name><address>Tegnergatan 34</address><zip>13456</zip><city>Stockholm</city><contact>Rufus Larsson</contact><tele>08-231818282</tele><size>300-500</size><current_provider>Yahoo</current_provider><email>rufusaurus@gmail.com</email></lead><lead xmlns="http://ws.apache.org/ns/synapse" id="00007"><name>Klipp It</name><address>Västra Storgatan 34</address><zip>12456</zip><city>Stockolm</city><contact>Muhammed Demirbag</contact><tele>08-183899282</tele><size>3-5</size><current_provider>NA</current_provider><email>info@klippit.se</email></lead><lead xmlns="http://ws.apache.org/ns/synapse" id="00008"><name>Frisörstugan Västerås</name><address>Kungstångsgatan 34</address><zip>33456</zip><city>Västerås</city><contact>Åsa Andersson</contact><tele>011-4318282</tele><size>3</size><current_provider>Google</current_provider><email>miss_andersson@epost.se</email></lead><lead xmlns="http://ws.apache.org/ns/synapse" id="00009"><name>Brukets Skidbacke</name><address>Brukets Skidanläggning</address><zip>13456</zip><city>Järfälla</city><contact>Stig Strand</contact><tele>08-1228282</tele><size>10-50</size><current_provider>Google</current_provider><email>info@bruket.se</email></lead><lead xmlns="http://ws.apache.org/ns/synapse" id="00010"><name>Fritidscenter</name><address>Vasaplatsen 34</address><zip>13444</zip><city>Stockholm</city><contact>Peter Pan</contact><tele>08-5808282</tele><size>10-50</size><current_provider>NA</current_provider><email>peterthepan@gmail.com</email></lead></m:leads>